team,team_name,year,home_attendance,wins,loss,playoffs,superbowl_winner,win_percentage,state,county,gdp_chained_million_dollar,renovated,stadium_capacity,home_attendance_per_game,home_attendance_rate_per_game
Arizona,Cardinals,2001,307315,7,9,No Playoffs,0,0.44,Arizona,Maricopa,145484.0,0,73379.0,38414.375,0.5235063846604614
Arizona,Cardinals,2002,327272,5,11,No Playoffs,0,0.31,Arizona,Maricopa,150559.0,0,73379.0,40909.0,0.557502827784516
Arizona,Cardinals,2003,288499,4,12,No Playoffs,0,0.25,Arizona,Maricopa,160947.0,0,73379.0,36062.375,0.4914536175199989
Arizona,Cardinals,2004,300267,6,10,No Playoffs,0,0.38,Arizona,Maricopa,169495.0,0,71706.0,37533.375,0.5234342314450674
Arizona,Cardinals,2005,401035,5,11,No Playoffs,0,0.31,Arizona,Maricopa,184185.0,0,71706.0,50129.375,0.6990959612863638
Arizona,Cardinals,2006,508829,5,11,No Playoffs,0,0.31,Arizona,Maricopa,193803.0,1,63400.0,63603.625,1.0032117507886436
Arizona,Cardinals,2007,516646,8,8,No Playoffs,0,0.5,Arizona,Maricopa,196924.0,0,63400.0,64580.75,1.0186238170347004
Arizona,Cardinals,2008,512775,9,7,Playoffs,0,0.56,Arizona,Maricopa,190845.0,0,63400.0,64096.875,1.010991719242902
Arizona,Cardinals,2009,505143,10,6,Playoffs,0,0.62,Arizona,Maricopa,173872.0,0,63400.0,63142.875,0.9959444006309148
Arizona,Cardinals,2010,502197,5,11,No Playoffs,0,0.31,Arizona,Maricopa,174801.0,0,63400.0,62774.625,0.9901360410094637
Arizona,Cardinals,2011,489455,8,8,No Playoffs,0,0.5,Arizona,Maricopa,179625.0,0,63400.0,61181.875,0.9650138012618297
Arizona,Cardinals,2012,487125,5,11,No Playoffs,0,0.31,Arizona,Maricopa,186117.0,0,63400.0,60890.625,0.960419952681388
Arizona,Cardinals,2013,488271,10,6,No Playoffs,0,0.62,Arizona,Maricopa,187689.0,0,63400.0,61033.875,0.9626794164037855
Arizona,Cardinals,2014,495835,11,5,Playoffs,0,0.69,Arizona,Maricopa,191251.0,0,63400.0,61979.375,0.9775926656151419
Arizona,Cardinals,2015,513487,13,3,Playoffs,0,0.81,Arizona,Maricopa,197557.0,0,63400.0,64185.875,1.0123955047318611
Arizona,Cardinals,2016,518652,7,8,No Playoffs,0,0.47,Arizona,Maricopa,204283.0,0,63400.0,64831.5,1.0225788643533122
Arizona,Cardinals,2017,513741,8,8,No Playoffs,0,0.5,Arizona,Maricopa,211309.0,0,63400.0,64217.625,1.0128962933753942
Arizona,Cardinals,2018,496111,3,13,No Playoffs,0,0.19,Arizona,Maricopa,220790.0,0,63400.0,62013.875,0.9781368296529969
Atlanta,Falcons,2001,425717,7,9,No Playoffs,0,0.44,Georgia,Fulton,106239.0,0,71228.0,53214.625,0.7471026141405065
Atlanta,Falcons,2002,550974,9,6,Playoffs,0,0.6,Georgia,Fulton,107758.0,0,71228.0,68871.75,0.9669196102656259
Atlanta,Falcons,2003,563676,5,11,No Playoffs,0,0.31,Georgia,Fulton,109552.0,0,71228.0,70459.5,0.9892107036558657
Atlanta,Falcons,2004,564769,11,5,Playoffs,0,0.69,Georgia,Fulton,114888.0,0,71228.0,70596.125,0.9911288397821082
Atlanta,Falcons,2005,565106,8,8,No Playoffs,0,0.5,Georgia,Fulton,123156.0,0,71228.0,70638.25,0.9917202504633009
Atlanta,Falcons,2006,563462,7,9,No Playoffs,0,0.44,Georgia,Fulton,123407.0,0,71228.0,70432.75,0.9888351490986691
Atlanta,Falcons,2007,547167,4,12,No Playoffs,0,0.25,Georgia,Fulton,121885.0,0,71228.0,68395.875,0.9602385999887685
Atlanta,Falcons,2008,502813,11,5,Playoffs,0,0.69,Georgia,Fulton,117233.0,0,71228.0,62851.625,0.882400530690178
Atlanta,Falcons,2009,545389,9,7,No Playoffs,0,0.56,Georgia,Fulton,111880.0,0,71228.0,68173.625,0.9571183382939293
Atlanta,Falcons,2010,542800,13,3,Playoffs,0,0.81,Georgia,Fulton,113838.0,0,71228.0,67850.0,0.9525748301229854
Atlanta,Falcons,2011,551892,10,6,Playoffs,0,0.62,Georgia,Fulton,118566.0,0,71228.0,68986.5,0.9685306340203291
Atlanta,Falcons,2012,560773,13,3,Playoffs,0,0.81,Georgia,Fulton,119431.0,0,71228.0,70096.625,0.9841161481439883
Atlanta,Falcons,2013,561795,4,12,No Playoffs,0,0.25,Georgia,Fulton,122474.0,0,71228.0,70224.375,0.9859096843937777
Atlanta,Falcons,2014,577047,6,10,No Playoffs,0,0.38,Georgia,Fulton,128843.0,0,71228.0,72130.875,1.0126758437693042
Atlanta,Falcons,2015,562845,8,8,No Playoffs,0,0.5,Georgia,Fulton,134305.0,0,71228.0,70355.625,0.9877523586230135
Atlanta,Falcons,2016,559998,11,5,Playoffs,0,0.69,Georgia,Fulton,141795.0,0,71228.0,69999.75,0.9827560790700286
Atlanta,Falcons,2017,575681,10,6,Playoffs,0,0.62,Georgia,Fulton,148754.0,1,71000.0,71960.125,1.0135228873239437
Atlanta,Falcons,2018,583184,7,9,No Playoffs,0,0.44,Georgia,Fulton,152384.0,0,71000.0,72898.0,1.0267323943661972
Baltimore,Ravens,2001,554991,10,6,Playoffs,0,0.62,Maryland,Baltimore,38850.29,0,71008.0,69373.875,0.9769867479720595
Baltimore,Ravens,2001,554991,10,6,Playoffs,0,0.62,Maryland,Baltimore,39828.08,0,71008.0,69373.875,0.9769867479720595
Baltimore,Ravens,2002,554724,7,9,No Playoffs,0,0.44,Maryland,Baltimore,40236.75,0,71008.0,69340.5,0.9765167305092384
Baltimore,Ravens,2002,554724,7,9,No Playoffs,0,0.44,Maryland,Baltimore,39307.94,0,71008.0,69340.5,0.9765167305092384
Baltimore,Ravens,2003,556634,10,6,Playoffs,0,0.62,Maryland,Baltimore,40139.03,0,71008.0,69579.25,0.979879027715187
Baltimore,Ravens,2003,556634,10,6,Playoffs,0,0.62,Maryland,Baltimore,39190.73,0,71008.0,69579.25,0.979879027715187
Baltimore,Ravens,2004,558594,9,7,No Playoffs,0,0.56,Maryland,Baltimore,41883.17,0,71008.0,69824.25,0.9833293431726002
Baltimore,Ravens,2004,558594,9,7,No Playoffs,0,0.56,Maryland,Baltimore,39486.29,0,71008.0,69824.25,0.9833293431726002
Baltimore,Ravens,2005,563076,6,10,No Playoffs,0,0.38,Maryland,Baltimore,44541.17,0,71008.0,70384.5,0.9912192992338892
Baltimore,Ravens,2005,563076,6,10,No Playoffs,0,0.38,Maryland,Baltimore,40754.52,0,71008.0,70384.5,0.9912192992338892
Baltimore,Ravens,2006,566547,13,3,Playoffs,0,0.81,Maryland,Baltimore,45481.57,0,71008.0,70818.375,0.9973295262505634
Baltimore,Ravens,2006,566547,13,3,Playoffs,0,0.81,Maryland,Baltimore,41659.09,0,71008.0,70818.375,0.9973295262505634
Baltimore,Ravens,2007,569226,5,11,No Playoffs,0,0.31,Maryland,Baltimore,45488.45,0,71008.0,71153.25,1.002045544164038
Baltimore,Ravens,2007,569226,5,11,No Playoffs,0,0.31,Maryland,Baltimore,41049.95,0,71008.0,71153.25,1.002045544164038
Baltimore,Ravens,2008,570152,11,5,Playoffs,0,0.69,Maryland,Baltimore,44672.08,0,71008.0,71269.0,1.0036756421811628
Baltimore,Ravens,2008,570152,11,5,Playoffs,0,0.69,Maryland,Baltimore,40997.01,0,71008.0,71269.0,1.0036756421811628
Baltimore,Ravens,2009,568660,9,7,Playoffs,0,0.56,Maryland,Baltimore,44311.07,0,71008.0,71082.5,1.0010491775574584
Baltimore,Ravens,2009,568660,9,7,Playoffs,0,0.56,Maryland,Baltimore,40468.08,0,71008.0,71082.5,1.0010491775574584
Baltimore,Ravens,2010,569817,12,4,Playoffs,0,0.75,Maryland,Baltimore,45605.95,0,71008.0,71227.125,1.0030859198963498
Baltimore,Ravens,2010,569817,12,4,Playoffs,0,0.75,Maryland,Baltimore,41533.16,0,71008.0,71227.125,1.0030859198963498
Baltimore,Ravens,2011,569792,12,4,Playoffs,0,0.75,Maryland,Baltimore,45347.75,0,71008.0,71224.0,1.0030419107706174
Baltimore,Ravens,2011,569792,12,4,Playoffs,0,0.75,Maryland,Baltimore,41813.82,0,71008.0,71224.0,1.0030419107706174
Baltimore,Ravens,2012,570229,10,6,Playoffs,1,0.62,Maryland,Baltimore,44865.06,0,71008.0,71278.625,1.0038111902884181
Baltimore,Ravens,2012,570229,10,6,Playoffs,1,0.62,Maryland,Baltimore,42302.1,0,71008.0,71278.625,1.0038111902884181
Baltimore,Ravens,2013,569084,8,8,No Playoffs,0,0.5,Maryland,Baltimore,45060.42,0,71008.0,71135.5,1.0017955723298784
Baltimore,Ravens,2013,569084,8,8,No Playoffs,0,0.5,Maryland,Baltimore,42397.22,0,71008.0,71135.5,1.0017955723298784
Baltimore,Ravens,2014,568353,10,6,Playoffs,0,0.62,Maryland,Baltimore,45745.38,0,71008.0,71044.125,1.0005087454934656
Baltimore,Ravens,2014,568353,10,6,Playoffs,0,0.62,Maryland,Baltimore,42821.59,0,71008.0,71044.125,1.0005087454934656
Baltimore,Ravens,2015,568018,5,11,No Playoffs,0,0.31,Maryland,Baltimore,45698.28,0,71008.0,71002.25,0.9999190232086526
Baltimore,Ravens,2015,568018,5,11,No Playoffs,0,0.31,Maryland,Baltimore,43432.08,0,71008.0,71002.25,0.9999190232086526
Baltimore,Ravens,2016,568823,8,8,No Playoffs,0,0.5,Maryland,Baltimore,47681.07,0,71008.0,71102.875,1.001336117057233
Baltimore,Ravens,2016,568823,8,8,No Playoffs,0,0.5,Maryland,Baltimore,44465.68,0,71008.0,71102.875,1.001336117057233
Baltimore,Ravens,2017,564709,9,7,No Playoffs,0,0.56,Maryland,Baltimore,47570.24,0,71008.0,70588.625,0.9940939753267237
Baltimore,Ravens,2017,564709,9,7,No Playoffs,0,0.56,Maryland,Baltimore,44769.89,0,71008.0,70588.625,0.9940939753267237
Baltimore,Ravens,2018,563451,10,6,Playoffs,0,0.62,Maryland,Baltimore,48916.03,0,71008.0,70431.375,0.9918794361198738
Baltimore,Ravens,2018,563451,10,6,Playoffs,0,0.62,Maryland,Baltimore,45594.01,0,71008.0,70431.375,0.9918794361198738
Buffalo,Bills,2001,504736,3,13,No Playoffs,0,0.19,New York,Erie,39996.48,0,71608.0,63092.0,0.8810747402524858
Buffalo,Bills,2002,547702,8,8,No Playoffs,0,0.5,New York,Erie,40757.27,0,71608.0,68462.75,0.9560768349905039
Buffalo,Bills,2003,584122,6,10,No Playoffs,0,0.38,New York,Erie,41458.38,0,71608.0,73015.25,1.0196521338397944
Buffalo,Bills,2004,574399,9,7,No Playoffs,0,0.56,New York,Erie,42724.41,0,71608.0,71799.875,1.002679519048151
Buffalo,Bills,2005,575248,5,11,No Playoffs,0,0.31,New York,Erie,43335.18,0,71608.0,71906.0,1.0041615461959557
Buffalo,Bills,2006,541169,7,9,No Playoffs,0,0.44,New York,Erie,45333.98,0,71608.0,67646.125,0.9446727320969724
Buffalo,Bills,2007,568437,7,9,No Playoffs,0,0.44,New York,Erie,45590.3,0,71608.0,71054.625,0.9922721623282315
Buffalo,Bills,2008,551969,7,9,No Playoffs,0,0.44,New York,Erie,46262.94,0,71608.0,68996.125,0.9635253742598592
Buffalo,Bills,2009,542465,6,10,No Playoffs,0,0.38,New York,Erie,46511.91,0,71608.0,67808.125,0.9469350491565188
Buffalo,Bills,2010,493112,4,12,No Playoffs,0,0.25,New York,Erie,47835.16,0,71608.0,61639.0,0.8607837113171712
Buffalo,Bills,2011,490443,6,10,No Playoffs,0,0.38,New York,Erie,47136.08,0,71608.0,61305.375,0.8561246648419171
Buffalo,Bills,2012,495423,6,10,No Playoffs,0,0.38,New York,Erie,48700.21,0,71608.0,61927.875,0.8648178276170261
Buffalo,Bills,2013,502842,6,10,No Playoffs,0,0.38,New York,Erie,48113.39,0,71608.0,62855.25,0.8777685454139202
Buffalo,Bills,2014,540180,9,7,No Playoffs,0,0.56,New York,Erie,49265.6,0,71608.0,67522.5,0.9429463188470562
Buffalo,Bills,2015,559047,8,8,No Playoffs,0,0.5,New York,Erie,50320.42,0,71608.0,69880.875,0.9758808373366105
Buffalo,Bills,2016,548073,7,9,No Playoffs,0,0.44,New York,Erie,50556.0,0,71608.0,68509.125,0.9567244581610993
Buffalo,Bills,2017,534200,9,7,Playoffs,0,0.56,New York,Erie,51067.83,0,71608.0,66775.0,0.9325075410568652
Buffalo,Bills,2018,519695,6,10,No Playoffs,0,0.38,New York,Erie,51595.43,0,71608.0,64961.875,0.9071873952630991
Carolina,Panthers,2001,579080,1,15,No Playoffs,0,0.06,North Carolina,Mecklenburg,56262.35,0,74867.0,72385.0,0.9668478769017057
Carolina,Panthers,2002,572015,7,9,No Playoffs,0,0.44,North Carolina,Mecklenburg,57683.64,0,74867.0,71501.875,0.955051958806951
Carolina,Panthers,2003,582566,11,5,Playoffs,0,0.69,North Carolina,Mecklenburg,61453.79,0,74867.0,72820.75,0.9726681982716017
Carolina,Panthers,2004,586259,7,9,No Playoffs,0,0.44,North Carolina,Mecklenburg,65711.32,0,74867.0,73282.375,0.9788341325283503
Carolina,Panthers,2005,587700,11,5,Playoffs,0,0.69,North Carolina,Mecklenburg,72183.9,0,74867.0,73462.5,0.9812400657165373
Carolina,Panthers,2006,588537,8,8,No Playoffs,0,0.5,North Carolina,Mecklenburg,76583.97,0,74867.0,73567.125,0.9826375439112025
Carolina,Panthers,2007,587221,7,9,No Playoffs,0,0.44,North Carolina,Mecklenburg,77729.12,0,74867.0,73402.625,0.9804403141571053
Carolina,Panthers,2008,585684,12,4,Playoffs,0,0.75,North Carolina,Mecklenburg,86138.37,0,74867.0,73210.5,0.9778740967315372
Carolina,Panthers,2009,586314,8,8,No Playoffs,0,0.5,North Carolina,Mecklenburg,78247.31,0,74867.0,73289.25,0.9789259620393498
Carolina,Panthers,2010,580965,2,14,No Playoffs,0,0.12,North Carolina,Mecklenburg,72924.77,0,74867.0,72620.625,0.9699951246877797
Carolina,Panthers,2011,578342,6,10,No Playoffs,0,0.38,North Carolina,Mecklenburg,79029.37,0,74867.0,72292.75,0.9656156918268396
Carolina,Panthers,2012,586347,7,9,No Playoffs,0,0.44,North Carolina,Mecklenburg,85730.11,0,74867.0,73293.375,0.9789810597459495
Carolina,Panthers,2013,587544,12,4,Playoffs,0,0.75,North Carolina,Mecklenburg,84146.44,0,74867.0,73443.0,0.9809796038307933
Carolina,Panthers,2014,588861,7,8,Playoffs,0,0.47,North Carolina,Mecklenburg,87097.53,0,74867.0,73607.625,0.9831785032123632
Carolina,Panthers,2015,592454,15,1,Playoffs,0,0.94,North Carolina,Mecklenburg,92297.86,0,74867.0,74056.75,0.98917747472184
Carolina,Panthers,2016,590343,6,10,No Playoffs,0,0.38,North Carolina,Mecklenburg,92994.05,0,74867.0,73792.875,0.9856528911269318
Carolina,Panthers,2017,588942,11,5,Playoffs,0,0.69,North Carolina,Mecklenburg,95855.61,0,74867.0,73617.75,0.9833137430376534
Carolina,Panthers,2018,590182,7,9,No Playoffs,0,0.44,North Carolina,Mecklenburg,97637.01,0,74867.0,73772.75,0.9853840811038241
Chicago,Bears,2001,535552,13,3,Playoffs,0,0.81,Illinois,Cook,324513.0,0,66944.0,66944.0,1.0
Chicago,Bears,2002,487255,4,12,No Playoffs,0,0.25,Illinois,Cook,322996.0,0,66944.0,60906.875,0.9098182809512428
Chicago,Bears,2003,479585,7,9,No Playoffs,0,0.44,Illinois,Cook,323081.0,1,61500.0,59948.125,0.9747662601626016
Chicago,Bears,2004,495706,5,11,No Playoffs,0,0.31,Illinois,Cook,329182.0,0,61500.0,61963.25,1.0075325203252032
Chicago,Bears,2005,496965,11,5,Playoffs,0,0.69,Illinois,Cook,337394.0,0,61500.0,62120.625,1.010091463414634
Chicago,Bears,2006,497786,13,3,Playoffs,0,0.81,Illinois,Cook,339392.0,0,61500.0,62223.25,1.011760162601626
Chicago,Bears,2007,497267,7,9,No Playoffs,0,0.44,Illinois,Cook,341013.0,0,61500.0,62158.375,1.0107052845528455
Chicago,Bears,2008,496276,9,7,No Playoffs,0,0.56,Illinois,Cook,330101.0,0,61500.0,62034.5,1.0086910569105692
Chicago,Bears,2009,498000,7,9,No Playoffs,0,0.44,Illinois,Cook,320359.0,0,61500.0,62250.0,1.0121951219512195
Chicago,Bears,2010,497561,11,5,Playoffs,0,0.69,Illinois,Cook,322934.0,0,61500.0,62195.125,1.0113028455284552
Chicago,Bears,2011,497166,8,8,No Playoffs,0,0.5,Illinois,Cook,327638.0,0,61500.0,62145.75,1.0105
Chicago,Bears,2012,498633,10,6,No Playoffs,0,0.62,Illinois,Cook,334992.0,0,61500.0,62329.125,1.0134817073170732
Chicago,Bears,2013,498864,8,8,No Playoffs,0,0.5,Illinois,Cook,338427.0,0,61500.0,62358.0,1.0139512195121951
Chicago,Bears,2014,493449,5,11,No Playoffs,0,0.31,Illinois,Cook,342176.0,0,61500.0,61681.125,1.0029451219512195
Chicago,Bears,2015,496287,6,10,No Playoffs,0,0.38,Illinois,Cook,348451.0,0,61500.0,62035.875,1.0087134146341463
Chicago,Bears,2016,482951,3,13,No Playoffs,0,0.19,Illinois,Cook,351380.0,0,61500.0,60368.875,0.9816077235772358
Chicago,Bears,2017,488137,5,11,No Playoffs,0,0.31,Illinois,Cook,354455.0,0,61500.0,61017.125,0.9921483739837398
Chicago,Bears,2018,490750,12,4,Playoffs,0,0.75,Illinois,Cook,362064.0,0,61500.0,61343.75,0.9974593495934959
Cincinnati,Bengals,2001,454938,6,10,No Playoffs,0,0.38,Ohio,Hamilton,60803.79,0,65515.0,56867.25,0.8680035106464169
Cincinnati,Bengals,2002,422235,2,14,No Playoffs,0,0.12,Ohio,Hamilton,62575.49,0,65515.0,52779.375,0.8056074944669159
Cincinnati,Bengals,2003,479488,8,8,No Playoffs,0,0.5,Ohio,Hamilton,62437.0,0,65515.0,59936.0,0.9148439288712509
Cincinnati,Bengals,2004,524248,8,8,No Playoffs,0,0.5,Ohio,Hamilton,62090.57,0,65515.0,65531.0,1.0002442188811722
Cincinnati,Bengals,2005,526469,11,5,Playoffs,0,0.69,Ohio,Hamilton,62689.12,0,65515.0,65808.625,1.0044817980615126
Cincinnati,Bengals,2006,527870,8,8,No Playoffs,0,0.5,Ohio,Hamilton,61195.0,0,65515.0,65983.75,1.0071548500343432
Cincinnati,Bengals,2007,526320,7,9,No Playoffs,0,0.44,Ohio,Hamilton,61208.56,0,65515.0,65790.0,1.004197512020148
Cincinnati,Bengals,2008,516663,4,11,No Playoffs,0,0.27,Ohio,Hamilton,61768.54,0,65515.0,64582.875,0.9857723422117073
Cincinnati,Bengals,2009,512032,10,6,Playoffs,0,0.62,Ohio,Hamilton,59244.01,0,65515.0,64004.0,0.9769365794092956
Cincinnati,Bengals,2010,482917,4,12,No Playoffs,0,0.25,Ohio,Hamilton,60427.1,0,65515.0,60364.625,0.9213863237426544
Cincinnati,Bengals,2011,394009,9,7,Playoffs,0,0.56,Ohio,Hamilton,63124.83,0,65515.0,49251.125,0.7517534152484164
Cincinnati,Bengals,2012,489504,10,6,Playoffs,0,0.62,Ohio,Hamilton,63288.29,0,65515.0,61188.0,0.9339540563229795
Cincinnati,Bengals,2013,506377,11,5,Playoffs,0,0.69,Ohio,Hamilton,63333.52,0,65515.0,63297.125,0.966147065557506
Cincinnati,Bengals,2014,485628,10,5,Playoffs,0,0.67,Ohio,Hamilton,63514.37,0,65515.0,60703.5,0.9265588033274823
Cincinnati,Bengals,2015,491118,12,4,Playoffs,0,0.75,Ohio,Hamilton,64157.24,0,65515.0,61389.75,0.9370335037777608
Cincinnati,Bengals,2016,508071,6,9,No Playoffs,0,0.4,Ohio,Hamilton,65651.53,0,65515.0,63508.875,0.9693791498130199
Cincinnati,Bengals,2017,425937,7,9,No Playoffs,0,0.44,Ohio,Hamilton,66604.17,0,65515.0,53242.125,0.8126707624208197
Cincinnati,Bengals,2018,406028,6,10,No Playoffs,0,0.38,Ohio,Hamilton,66977.58,0,65515.0,50753.5,0.774685186598489
Cleveland,Browns,2001,583094,7,9,No Playoffs,0,0.44,Ohio,Cuyahoga,79519.38,0,67895.0,72886.75,1.0735216142573092
Cleveland,Browns,2002,586294,9,7,Playoffs,0,0.56,Ohio,Cuyahoga,80968.18,0,67895.0,73286.75,1.0794130642904485
Cleveland,Browns,2003,585564,5,11,No Playoffs,0,0.31,Ohio,Cuyahoga,82792.88,0,67895.0,73195.5,1.0780690772516386
Cleveland,Browns,2004,584840,4,12,No Playoffs,0,0.25,Ohio,Cuyahoga,84034.11,0,67895.0,73105.0,1.0767361366816408
Cleveland,Browns,2005,578330,6,10,No Playoffs,0,0.38,Ohio,Cuyahoga,85897.64,0,67895.0,72291.25,1.0647507180204727
Cleveland,Browns,2006,578672,4,12,No Playoffs,0,0.25,Ohio,Cuyahoga,83669.43,0,67895.0,72334.0,1.0653803667427646
Cleveland,Browns,2007,584006,10,6,No Playoffs,0,0.62,Ohio,Cuyahoga,83761.34,0,67895.0,73000.75,1.0752006775167537
Cleveland,Browns,2008,582230,4,12,No Playoffs,0,0.25,Ohio,Cuyahoga,84338.58,0,67895.0,72778.75,1.0719309227483615
Cleveland,Browns,2009,551110,5,11,No Playoffs,0,0.31,Ohio,Cuyahoga,78432.11,0,67895.0,68888.75,1.0146365711760807
Cleveland,Browns,2010,528933,5,11,No Playoffs,0,0.31,Ohio,Cuyahoga,78309.95,0,67895.0,66116.625,0.9738069813682892
Cleveland,Browns,2011,526874,4,12,No Playoffs,0,0.25,Ohio,Cuyahoga,79583.68,0,67895.0,65859.25,0.9700162014875912
Cleveland,Browns,2012,533058,5,11,No Playoffs,0,0.31,Ohio,Cuyahoga,80703.54,0,67895.0,66632.25,0.981401428676633
Cleveland,Browns,2013,569939,4,12,No Playoffs,0,0.25,Ohio,Cuyahoga,81379.97,0,67895.0,71242.375,1.0493022313867
Cleveland,Browns,2014,539400,7,9,No Playoffs,0,0.44,Ohio,Cuyahoga,84184.17,0,67895.0,67425.0,0.9930775462110611
Cleveland,Browns,2015,529488,3,13,No Playoffs,0,0.19,Ohio,Cuyahoga,85763.96,0,67895.0,66186.0,0.9748287797334119
Cleveland,Browns,2016,514489,1,15,No Playoffs,0,0.06,Ohio,Cuyahoga,85879.39,0,67895.0,64311.125,0.9472144487812063
Cleveland,Browns,2017,511060,0,16,No Playoffs,0,0.0,Ohio,Cuyahoga,86988.14,0,67895.0,63882.5,0.9409013918550704
Cleveland,Browns,2018,526122,7,8,No Playoffs,0,0.47,Ohio,Cuyahoga,88717.69,0,67895.0,65765.25,0.9686317107298034
Dallas,Cowboys,2001,505501,5,11,No Playoffs,0,0.31,Texas,Tarrant,65805.3,0,65675.0,63187.625,0.9621259992386753
Dallas,Cowboys,2002,504717,5,11,No Playoffs,0,0.31,Texas,Tarrant,68007.74,0,65675.0,63089.625,0.9606338028169014
Dallas,Cowboys,2003,511224,10,6,Playoffs,0,0.62,Texas,Tarrant,68686.98,0,65675.0,63903.0,0.9730186524552722
Dallas,Cowboys,2004,510892,6,10,No Playoffs,0,0.38,Texas,Tarrant,73059.68,0,65675.0,63861.5,0.9723867529501332
Dallas,Cowboys,2005,505258,9,7,No Playoffs,0,0.56,Texas,Tarrant,77817.39,0,65675.0,63157.25,0.9616634944803959
Dallas,Cowboys,2006,506308,9,7,Playoffs,0,0.56,Texas,Tarrant,82832.38,0,65675.0,63288.5,0.9636619718309859
Dallas,Cowboys,2007,508278,13,3,Playoffs,0,0.81,Texas,Tarrant,86440.1,0,65675.0,63534.75,0.9674114960030453
Dallas,Cowboys,2008,506944,9,7,No Playoffs,0,0.56,Texas,Tarrant,87650.1,0,65675.0,63368.0,0.9648724781119147
Dallas,Cowboys,2009,718055,11,5,Playoffs,0,0.69,Texas,Tarrant,87081.12,1,80000.0,89756.875,1.1219609375
Dallas,Cowboys,2010,696377,6,10,No Playoffs,0,0.38,Texas,Tarrant,88638.76,0,80000.0,87047.125,1.0880890625
Dallas,Cowboys,2011,684096,8,8,No Playoffs,0,0.5,Texas,Tarrant,89387.03,0,80000.0,85512.0,1.0689
Dallas,Cowboys,2012,708249,8,8,No Playoffs,0,0.5,Texas,Tarrant,93035.77,0,80000.0,88531.125,1.1066390625
Dallas,Cowboys,2013,704345,8,8,No Playoffs,0,0.5,Texas,Tarrant,94937.48,0,80000.0,88043.125,1.1005390625
Dallas,Cowboys,2014,720558,12,4,Playoffs,0,0.75,Texas,Tarrant,98440.48,0,80000.0,90069.75,1.125871875
Dallas,Cowboys,2015,731672,4,12,No Playoffs,0,0.25,Texas,Tarrant,101178.0,0,80000.0,91459.0,1.1432375
Dallas,Cowboys,2016,740318,13,3,Playoffs,0,0.81,Texas,Tarrant,102173.0,0,80000.0,92539.75,1.156746875
Dallas,Cowboys,2017,741775,9,7,No Playoffs,0,0.56,Texas,Tarrant,104651.0,0,80000.0,92721.875,1.1590234375
Dallas,Cowboys,2018,732958,10,6,Playoffs,0,0.62,Texas,Tarrant,108786.0,0,80000.0,91619.75,1.145246875
Denver,Broncos,2001,600283,8,8,No Playoffs,0,0.5,Colorado,Denver,56333.97,1,76125.0,75035.375,0.9856863711001642
Denver,Broncos,2002,604904,9,7,No Playoffs,0,0.56,Colorado,Denver,52974.69,0,76125.0,75613.0,0.9932742200328407
Denver,Broncos,2003,607167,10,6,Playoffs,0,0.62,Colorado,Denver,52627.74,0,76125.0,75895.875,0.9969901477832512
Denver,Broncos,2004,601031,10,6,Playoffs,0,0.62,Colorado,Denver,52745.08,0,76125.0,75128.875,0.9869146141215107
Denver,Broncos,2005,608790,13,3,Playoffs,0,0.81,Colorado,Denver,55046.78,0,76125.0,76098.75,0.9996551724137931
Denver,Broncos,2006,610782,9,7,No Playoffs,0,0.56,Colorado,Denver,54059.06,0,76125.0,76347.75,1.0029261083743843
Denver,Broncos,2007,612893,7,9,No Playoffs,0,0.44,Colorado,Denver,56102.61,0,76125.0,76611.625,1.0063924466338259
Denver,Broncos,2008,604074,8,8,No Playoffs,0,0.5,Colorado,Denver,54582.89,0,76125.0,75509.25,0.9919113300492611
Denver,Broncos,2009,600928,8,8,No Playoffs,0,0.5,Colorado,Denver,52505.63,0,76125.0,75116.0,0.9867454844006568
Denver,Broncos,2010,599264,4,12,No Playoffs,0,0.25,Colorado,Denver,52411.75,0,76125.0,74908.0,0.9840131362889983
Denver,Broncos,2011,602618,8,8,Playoffs,0,0.5,Colorado,Denver,53140.76,0,76125.0,75327.25,0.9895205254515599
Denver,Broncos,2012,613062,13,3,Playoffs,0,0.81,Colorado,Denver,54750.68,0,76125.0,76632.75,1.0066699507389163
Denver,Broncos,2013,614977,13,3,Playoffs,0,0.81,Colorado,Denver,57610.11,0,76125.0,76872.125,1.0098144499178983
Denver,Broncos,2014,615517,12,4,Playoffs,0,0.75,Colorado,Denver,60332.26,0,76125.0,76939.625,1.0107011494252873
Denver,Broncos,2015,615381,12,4,Playoffs,1,0.75,Colorado,Denver,64116.86,0,76125.0,76922.625,1.0104778325123154
Denver,Broncos,2016,614193,9,7,No Playoffs,0,0.56,Colorado,Denver,64925.15,0,76125.0,76774.125,1.008527093596059
Denver,Broncos,2017,610846,5,11,No Playoffs,0,0.31,Colorado,Denver,67039.71,0,76125.0,76355.75,1.0030311986863711
Denver,Broncos,2018,611571,6,10,No Playoffs,0,0.38,Colorado,Denver,70054.38,0,76125.0,76446.375,1.0042216748768473
Detroit,Lions,2001,601815,2,14,No Playoffs,0,0.12,Michigan,Wayne,88670.6,0,80311.0,75226.875,0.936694537485525
Detroit,Lions,2002,489742,3,13,No Playoffs,0,0.19,Michigan,Wayne,89117.91,1,65000.0,61217.75,0.9418115384615384
Detroit,Lions,2003,490442,5,11,No Playoffs,0,0.31,Michigan,Wayne,91701.97,0,65000.0,61305.25,0.9431576923076923
Detroit,Lions,2004,499162,6,10,No Playoffs,0,0.38,Michigan,Wayne,91206.01,0,65000.0,62395.25,0.9599269230769231
Detroit,Lions,2005,492580,5,11,No Playoffs,0,0.31,Michigan,Wayne,92469.78,0,65000.0,61572.5,0.9472692307692308
Detroit,Lions,2006,487116,3,13,No Playoffs,0,0.19,Michigan,Wayne,91627.44,0,65000.0,60889.5,0.9367615384615384
Detroit,Lions,2007,490436,7,9,No Playoffs,0,0.44,Michigan,Wayne,91199.56,0,65000.0,61304.5,0.9431461538461539
Detroit,Lions,2008,435979,0,16,No Playoffs,0,0.0,Michigan,Wayne,85018.24,0,65000.0,54497.375,0.8384211538461539
Detroit,Lions,2009,395162,2,14,No Playoffs,0,0.12,Michigan,Wayne,74962.62,0,65000.0,49395.25,0.7599269230769231
Detroit,Lions,2010,450286,6,10,No Playoffs,0,0.38,Michigan,Wayne,78338.87,0,65000.0,56285.75,0.8659346153846154
Detroit,Lions,2011,509940,10,6,Playoffs,0,0.62,Michigan,Wayne,79944.08,0,65000.0,63742.5,0.9806538461538462
Detroit,Lions,2012,510158,4,12,No Playoffs,0,0.25,Michigan,Wayne,80545.97,0,65000.0,63769.75,0.9810730769230769
Detroit,Lions,2013,510369,7,9,No Playoffs,0,0.44,Michigan,Wayne,81748.25,0,65000.0,63796.125,0.9814788461538462
Detroit,Lions,2014,504198,11,5,Playoffs,0,0.69,Michigan,Wayne,82771.02,0,65000.0,63024.75,0.9696115384615385
Detroit,Lions,2015,490782,7,9,No Playoffs,0,0.44,Michigan,Wayne,84084.63,0,65000.0,61347.75,0.9438115384615384
Detroit,Lions,2016,486342,9,7,Playoffs,0,0.56,Michigan,Wayne,85464.9,0,65000.0,60792.75,0.9352730769230769
Detroit,Lions,2017,513100,9,7,No Playoffs,0,0.56,Michigan,Wayne,86258.0,0,65000.0,64137.5,0.9867307692307692
Detroit,Lions,2018,502061,6,10,No Playoffs,0,0.38,Michigan,Wayne,88005.73,0,65000.0,62757.625,0.9655019230769231
Green Bay,Packers,2001,478433,12,4,Playoffs,0,0.75,Wisconsin,Brown,12534.49,0,81441.0,59804.125,0.7343245416927592
Green Bay,Packers,2002,508788,12,4,Playoffs,0,0.75,Wisconsin,Brown,12790.19,0,81441.0,63598.5,0.7809150182340591
Green Bay,Packers,2003,562819,10,6,Playoffs,0,0.62,Wisconsin,Brown,13233.05,0,81441.0,70352.375,0.8638446851094658
Green Bay,Packers,2004,564400,10,6,Playoffs,0,0.62,Wisconsin,Brown,13642.92,0,81441.0,70550.0,0.8662712884173819
Green Bay,Packers,2005,562419,4,12,No Playoffs,0,0.25,Wisconsin,Brown,13977.29,0,81441.0,70302.375,0.8632307437285888
Green Bay,Packers,2006,565749,8,8,No Playoffs,0,0.5,Wisconsin,Brown,14249.55,0,81441.0,70718.625,0.8683418057243895
Green Bay,Packers,2007,566443,13,3,Playoffs,0,0.81,Wisconsin,Brown,14338.74,0,81441.0,70805.375,0.8694069940202109
Green Bay,Packers,2008,565460,6,10,No Playoffs,0,0.38,Wisconsin,Brown,14205.59,0,81441.0,70682.5,0.8678982330767059
Green Bay,Packers,2009,565666,11,5,Playoffs,0,0.69,Wisconsin,Brown,13841.3,0,81441.0,70708.25,0.8682144128878575
Green Bay,Packers,2010,566362,10,6,Playoffs,1,0.62,Wisconsin,Brown,14379.16,0,81441.0,70795.25,0.8692826708905834
Green Bay,Packers,2011,564097,15,1,Playoffs,0,0.94,Wisconsin,Brown,14601.16,0,81441.0,70512.125,0.8658062278213676
Green Bay,Packers,2012,564062,11,5,Playoffs,0,0.69,Wisconsin,Brown,14966.78,0,81441.0,70507.75,0.8657525079505409
Green Bay,Packers,2013,623577,8,7,Playoffs,0,0.53,Wisconsin,Brown,14699.38,0,81441.0,77947.125,0.9570993111577707
Green Bay,Packers,2014,625114,12,4,Playoffs,0,0.75,Wisconsin,Brown,15603.49,0,81441.0,78139.25,0.9594583809137903
Green Bay,Packers,2015,627308,10,6,Playoffs,0,0.62,Wisconsin,Brown,16049.45,0,81441.0,78413.5,0.9628258493879004
Green Bay,Packers,2016,625727,10,6,Playoffs,0,0.62,Wisconsin,Brown,16375.76,0,81441.0,78215.875,0.9603992460799843
Green Bay,Packers,2017,624742,7,9,No Playoffs,0,0.44,Wisconsin,Brown,16432.4,0,81441.0,78092.75,0.9588874154295748
Green Bay,Packers,2018,622677,6,9,No Playoffs,0,0.4,Wisconsin,Brown,16864.68,0,81441.0,77834.625,0.9557179430507975
Indianapolis,Colts,2001,450746,6,10,No Playoffs,0,0.38,Indiana,Marion,70800.61,0,57980.0,56343.25,0.9717704380820973
Indianapolis,Colts,2002,453357,10,6,Playoffs,0,0.62,Indiana,Marion,71143.45,0,57980.0,56669.625,0.9773995343221801
Indianapolis,Colts,2003,454138,12,4,Playoffs,0,0.75,Indiana,Marion,72428.31,0,57980.0,56767.25,0.9790833045877889
Indianapolis,Colts,2004,456791,12,4,Playoffs,0,0.75,Indiana,Marion,76898.97,0,57980.0,57098.875,0.9848029492928596
Indianapolis,Colts,2005,457373,14,2,Playoffs,0,0.88,Indiana,Marion,76946.06,0,57980.0,57171.625,0.9860576923076924
Indianapolis,Colts,2006,457154,12,4,Playoffs,1,0.75,Indiana,Marion,77510.82,0,57980.0,57144.25,0.9855855467402552
Indianapolis,Colts,2007,458437,13,3,Playoffs,0,0.81,Indiana,Marion,81198.66,0,57980.0,57304.625,0.9883515867540531
Indianapolis,Colts,2008,531026,12,4,Playoffs,0,0.75,Indiana,Marion,84202.38,1,67000.0,66378.25,0.9907201492537313
Indianapolis,Colts,2009,532398,14,2,Playoffs,0,0.88,Indiana,Marion,81618.78,0,67000.0,66549.75,0.9932798507462687
Indianapolis,Colts,2010,535802,10,6,Playoffs,0,0.62,Indiana,Marion,83519.95,0,67000.0,66975.25,0.9996305970149254
Indianapolis,Colts,2011,518627,2,14,No Playoffs,0,0.12,Indiana,Marion,82651.61,0,67000.0,64828.375,0.9675876865671642
Indianapolis,Colts,2012,521518,11,5,Playoffs,0,0.69,Indiana,Marion,79986.06,0,67000.0,65189.75,0.9729813432835821
Indianapolis,Colts,2013,527606,11,5,Playoffs,0,0.69,Indiana,Marion,81095.11,0,67000.0,65950.75,0.984339552238806
Indianapolis,Colts,2014,523004,11,5,Playoffs,0,0.69,Indiana,Marion,82461.37,0,67000.0,65375.5,0.9757537313432836
Indianapolis,Colts,2015,528381,8,8,No Playoffs,0,0.5,Indiana,Marion,79228.27,0,67000.0,66047.625,0.985785447761194
Indianapolis,Colts,2016,524393,8,8,No Playoffs,0,0.5,Indiana,Marion,80755.24,0,67000.0,65549.125,0.9783451492537314
Indianapolis,Colts,2017,507525,4,12,No Playoffs,0,0.25,Indiana,Marion,81713.75,0,67000.0,63440.625,0.946875
Indianapolis,Colts,2018,473598,10,6,Playoffs,0,0.62,Indiana,Marion,82996.65,0,67000.0,59199.75,0.8835783582089553
Jacksonville,Jaguars,2001,483542,6,10,No Playoffs,0,0.38,Florida,Duval,44405.55,0,67264.0,60442.75,0.8985898846336822
Jacksonville,Jaguars,2002,450216,6,10,No Playoffs,0,0.38,Florida,Duval,45375.46,0,67264.0,56277.0,0.8366585394862036
Jacksonville,Jaguars,2003,428072,5,11,No Playoffs,0,0.31,Florida,Duval,47767.91,0,67264.0,53509.0,0.7955072549952427
Jacksonville,Jaguars,2004,555464,9,7,No Playoffs,0,0.56,Florida,Duval,49576.15,0,67264.0,69433.0,1.0322460751665081
Jacksonville,Jaguars,2005,525519,12,4,Playoffs,0,0.75,Florida,Duval,51479.77,0,67264.0,65689.875,0.9765978086346336
Jacksonville,Jaguars,2006,534866,8,8,No Playoffs,0,0.5,Florida,Duval,53291.53,0,67264.0,66858.25,0.9939677985252141
Jacksonville,Jaguars,2007,522410,11,5,Playoffs,0,0.69,Florida,Duval,53265.66,0,67264.0,65301.25,0.9708202009990485
Jacksonville,Jaguars,2008,521338,5,11,No Playoffs,0,0.31,Florida,Duval,51198.6,0,67264.0,65167.25,0.9688280506660324
Jacksonville,Jaguars,2009,397214,7,9,No Playoffs,0,0.44,Florida,Duval,48506.89,0,67264.0,49651.75,0.7381623156517603
Jacksonville,Jaguars,2010,504262,8,8,No Playoffs,0,0.5,Florida,Duval,48647.87,0,67264.0,63032.75,0.9370948798763082
Jacksonville,Jaguars,2011,498655,5,11,No Playoffs,0,0.31,Florida,Duval,48077.72,0,67264.0,62331.875,0.9266751159609895
Jacksonville,Jaguars,2012,519872,2,14,No Playoffs,0,0.12,Florida,Duval,48594.95,0,67264.0,64984.0,0.9661037107516651
Jacksonville,Jaguars,2013,503140,4,12,No Playoffs,0,0.25,Florida,Duval,49788.07,0,67264.0,62892.5,0.9350098120837298
Jacksonville,Jaguars,2014,524335,3,13,No Playoffs,0,0.19,Florida,Duval,51003.07,0,67264.0,65541.875,0.9743975231921979
Jacksonville,Jaguars,2015,514268,5,11,No Playoffs,0,0.31,Florida,Duval,53307.59,0,67264.0,64283.5,0.9556895218839201
Jacksonville,Jaguars,2016,517172,3,13,No Playoffs,0,0.19,Florida,Duval,54932.42,0,67264.0,64646.5,0.9610861679352997
Jacksonville,Jaguars,2017,514427,10,6,Playoffs,0,0.62,Florida,Duval,57588.04,0,67264.0,64303.375,0.9559849994053282
Jacksonville,Jaguars,2018,552589,5,11,No Playoffs,0,0.31,Florida,Duval,59046.31,0,67264.0,69073.625,1.0269033212416745
Kansas City,Chiefs,2001,617488,6,10,No Playoffs,0,0.38,Missouri,Jackson,38746.2,0,76416.0,77186.0,1.0100764237855946
Kansas City,Chiefs,2002,625503,8,8,No Playoffs,0,0.5,Missouri,Jackson,38673.12,0,76416.0,78187.875,1.0231872251884422
Kansas City,Chiefs,2003,627840,13,3,Playoffs,0,0.81,Missouri,Jackson,38445.67,0,76416.0,78480.0,1.0270100502512562
Kansas City,Chiefs,2004,623010,7,9,No Playoffs,0,0.44,Missouri,Jackson,38847.16,0,76416.0,77876.25,1.019109217964824
Kansas City,Chiefs,2005,623325,10,6,No Playoffs,0,0.62,Missouri,Jackson,39458.27,0,76416.0,77915.625,1.0196244896356783
Kansas City,Chiefs,2006,623275,9,7,Playoffs,0,0.56,Missouri,Jackson,38936.38,0,76416.0,77909.375,1.0195427004815745
Kansas City,Chiefs,2007,614217,4,12,No Playoffs,0,0.25,Missouri,Jackson,38708.73,0,76416.0,76777.125,1.0047257773241205
Kansas City,Chiefs,2008,592622,2,14,No Playoffs,0,0.12,Missouri,Jackson,39426.45,0,76416.0,74077.75,0.9694010416666666
Kansas City,Chiefs,2009,540114,4,12,No Playoffs,0,0.25,Missouri,Jackson,38899.98,0,76416.0,67514.25,0.8835093435929648
Kansas City,Chiefs,2010,541380,10,6,Playoffs,0,0.62,Missouri,Jackson,38966.08,0,76416.0,67672.5,0.8855802449748744
Kansas City,Chiefs,2011,576659,7,9,No Playoffs,0,0.44,Missouri,Jackson,38498.85,0,76416.0,72082.375,0.9432890363274706
Kansas City,Chiefs,2012,548070,2,14,No Playoffs,0,0.12,Missouri,Jackson,38986.6,0,76416.0,68508.75,0.8965236337939698
Kansas City,Chiefs,2013,602877,11,5,Playoffs,0,0.69,Missouri,Jackson,39246.84,0,76416.0,75359.625,0.9861759971733668
Kansas City,Chiefs,2014,599743,9,7,No Playoffs,0,0.56,Missouri,Jackson,39407.68,0,76416.0,74967.875,0.9810494529941374
Kansas City,Chiefs,2015,602228,11,5,Playoffs,0,0.69,Missouri,Jackson,40491.12,0,76416.0,75278.5,0.9851143739530989
Kansas City,Chiefs,2016,586624,12,4,Playoffs,0,0.75,Missouri,Jackson,40473.93,0,76416.0,73328.0,0.9595896147403685
Kansas City,Chiefs,2017,592851,10,6,Playoffs,0,0.62,Missouri,Jackson,40916.26,0,76416.0,74106.375,0.9697756359924623
Miami,Dolphins,2001,587756,11,5,Playoffs,0,0.69,Florida,Miami-Dade,105951.0,0,65326.0,73469.5,1.124659400544959
Miami,Dolphins,2002,585523,9,7,No Playoffs,0,0.56,Florida,Miami-Dade,109330.0,0,65326.0,73190.375,1.1203865995162723
Miami,Dolphins,2003,587787,10,6,No Playoffs,0,0.62,Florida,Miami-Dade,111198.0,0,65326.0,73473.375,1.1247187184275786
Miami,Dolphins,2004,580808,4,12,No Playoffs,0,0.25,Florida,Miami-Dade,117556.0,0,65326.0,72601.0,1.111364540917858
Miami,Dolphins,2005,575256,9,7,No Playoffs,0,0.56,Florida,Miami-Dade,123634.0,0,65326.0,71907.0,1.1007408994887182
Miami,Dolphins,2006,585973,6,10,No Playoffs,0,0.38,Florida,Miami-Dade,126763.0,0,65326.0,73246.625,1.121247665554297
Miami,Dolphins,2007,577835,1,15,No Playoffs,0,0.06,Florida,Miami-Dade,126155.0,0,65326.0,72229.375,1.1056757646266417
Miami,Dolphins,2008,523919,11,5,Playoffs,0,0.69,Florida,Miami-Dade,122939.0,0,65326.0,65489.875,1.0025085723907785
Miami,Dolphins,2009,540342,7,9,No Playoffs,0,0.44,Florida,Miami-Dade,115271.0,0,65326.0,67542.75,1.0339336558185102
Miami,Dolphins,2010,541959,7,9,No Playoffs,0,0.44,Florida,Miami-Dade,118579.0,0,65326.0,67744.875,1.0370277531151455
Miami,Dolphins,2011,487089,6,10,No Playoffs,0,0.38,Florida,Miami-Dade,119756.0,0,65326.0,60886.125,0.93203510087867
Miami,Dolphins,2012,459033,7,9,No Playoffs,0,0.44,Florida,Miami-Dade,119448.0,0,65326.0,57379.125,0.8783505036279582
Miami,Dolphins,2013,514553,8,8,No Playoffs,0,0.5,Florida,Miami-Dade,123798.0,0,65326.0,64319.125,0.9845869179193583
Miami,Dolphins,2014,560280,8,8,No Playoffs,0,0.5,Florida,Miami-Dade,127728.0,0,65326.0,70035.0,1.072084621743257
Miami,Dolphins,2015,537548,6,10,No Playoffs,0,0.38,Florida,Miami-Dade,131625.0,0,65326.0,67193.5,1.0285873924624191
Miami,Dolphins,2016,524101,10,6,Playoffs,0,0.62,Florida,Miami-Dade,136397.0,0,65326.0,65512.625,1.0028568257661574
Miami,Dolphins,2017,541022,6,10,No Playoffs,0,0.38,Florida,Miami-Dade,141350.0,0,65326.0,67627.75,1.0352348222759697
Miami,Dolphins,2018,524480,7,9,No Playoffs,0,0.44,Florida,Miami-Dade,145883.0,0,65326.0,65560.0,1.0035820347181827
Minnesota,Vikings,2001,513344,5,11,No Playoffs,0,0.31,Minnesota,Hennepin,94361.67,0,64121.0,64168.0,1.0007329891923082
Minnesota,Vikings,2002,512517,6,10,No Playoffs,0,0.38,Minnesota,Hennepin,94256.0,0,64121.0,64064.625,0.9991208028570983
Minnesota,Vikings,2003,513437,9,7,No Playoffs,0,0.56,Minnesota,Hennepin,98146.42,0,64121.0,64179.625,1.0009142870510441
Minnesota,Vikings,2004,512969,8,8,Playoffs,0,0.5,Minnesota,Hennepin,102444.0,0,64121.0,64121.125,1.0000019494393413
Minnesota,Vikings,2005,511960,9,7,No Playoffs,0,0.56,Minnesota,Hennepin,105999.0,0,64121.0,63995.0,0.9980349651440246
Minnesota,Vikings,2006,509743,6,10,No Playoffs,0,0.38,Minnesota,Hennepin,102824.0,0,64121.0,63717.875,0.9937130581244834
Minnesota,Vikings,2007,506046,8,8,No Playoffs,0,0.5,Minnesota,Hennepin,105102.0,0,64121.0,63255.75,0.9865059808798989
Minnesota,Vikings,2008,506136,10,6,Playoffs,0,0.62,Minnesota,Hennepin,104528.0,0,64121.0,63267.0,0.9866814304206111
Minnesota,Vikings,2009,510203,12,4,Playoffs,0,0.75,Minnesota,Hennepin,99453.36,0,64121.0,63775.375,0.9946098002214563
Minnesota,Vikings,2010,470009,6,10,No Playoffs,0,0.38,Minnesota,Hennepin,102379.0,0,64121.0,58751.125,0.9162540353394364
Minnesota,Vikings,2011,502529,3,13,No Playoffs,0,0.19,Minnesota,Hennepin,104391.0,0,64121.0,62816.125,0.9796498027167386
Minnesota,Vikings,2012,485802,10,6,Playoffs,0,0.62,Minnesota,Hennepin,107186.0,0,64121.0,60725.25,0.9470415308557258
Minnesota,Vikings,2013,531653,5,10,No Playoffs,0,0.33,Minnesota,Hennepin,109072.0,0,64121.0,66456.625,1.0364252740911715
Minnesota,Vikings,2014,417906,7,9,No Playoffs,0,0.44,Minnesota,Hennepin,112663.0,0,64121.0,52238.25,0.8146823973425243
Minnesota,Vikings,2015,419440,11,5,Playoffs,0,0.69,Minnesota,Hennepin,114466.0,0,64121.0,52430.0,0.8176728372919948
Minnesota,Vikings,2016,534289,8,8,No Playoffs,0,0.5,Minnesota,Hennepin,116976.0,1,66200.0,66786.125,1.0088538519637462
Minnesota,Vikings,2017,533769,13,3,Playoffs,0,0.81,Minnesota,Hennepin,119283.0,0,66200.0,66721.125,1.0078719788519637
Minnesota,Vikings,2018,534491,8,7,No Playoffs,0,0.53,Minnesota,Hennepin,122552.0,0,66200.0,66811.375,1.0092352719033233
New England,Patriots,2001,482336,11,5,Playoffs,1,0.69,Massachusetts,Norfolk,37658.62,0,60292.0,60292.0,1.0
New England,Patriots,2002,547488,9,7,No Playoffs,0,0.56,Massachusetts,Norfolk,38146.64,1,65878.0,68436.0,1.0388293512249918
New England,Patriots,2003,547488,14,2,Playoffs,1,0.88,Massachusetts,Norfolk,39802.33,0,65878.0,68436.0,1.0388293512249918
New England,Patriots,2004,550048,14,2,Playoffs,1,0.88,Massachusetts,Norfolk,39860.98,0,65878.0,68756.0,1.0436868150217067
New England,Patriots,2005,550048,10,6,Playoffs,0,0.62,Massachusetts,Norfolk,40335.65,0,65878.0,68756.0,1.0436868150217067
New England,Patriots,2006,550048,12,4,Playoffs,0,0.75,Massachusetts,Norfolk,41703.61,0,65878.0,68756.0,1.0436868150217067
New England,Patriots,2007,550048,16,0,Playoffs,0,1.0,Massachusetts,Norfolk,42385.19,0,65878.0,68756.0,1.0436868150217067
New England,Patriots,2008,550048,11,5,No Playoffs,0,0.69,Massachusetts,Norfolk,43357.32,0,65878.0,68756.0,1.0436868150217067
New England,Patriots,2009,550048,10,6,Playoffs,0,0.62,Massachusetts,Norfolk,41943.27,0,65878.0,68756.0,1.0436868150217067
New England,Patriots,2010,550048,14,2,Playoffs,0,0.88,Massachusetts,Norfolk,43566.32,0,65878.0,68756.0,1.0436868150217067
New England,Patriots,2011,550048,13,3,Playoffs,0,0.81,Massachusetts,Norfolk,44127.78,0,65878.0,68756.0,1.0436868150217067
New England,Patriots,2012,550044,12,4,Playoffs,0,0.75,Massachusetts,Norfolk,44919.18,0,65878.0,68755.5,1.0436792252345244
New England,Patriots,2013,550048,12,4,Playoffs,0,0.75,Massachusetts,Norfolk,45875.99,0,65878.0,68756.0,1.0436868150217067
New England,Patriots,2014,550048,12,4,Playoffs,1,0.75,Massachusetts,Norfolk,47218.01,0,65878.0,68756.0,1.0436868150217067
New England,Patriots,2015,534632,12,4,Playoffs,0,0.75,Massachusetts,Norfolk,49028.14,0,65878.0,66829.0,1.0144357752208628
New England,Patriots,2016,534632,14,2,Playoffs,1,0.88,Massachusetts,Norfolk,49343.25,0,65878.0,66829.0,1.0144357752208628
New England,Patriots,2017,527024,13,3,Playoffs,0,0.81,Massachusetts,Norfolk,49807.12,0,65878.0,65878.0,1.0
New England,Patriots,2018,527024,11,5,Playoffs,1,0.69,Massachusetts,Norfolk,51010.9,0,65878.0,65878.0,1.0
New Orleans,Saints,2001,560472,7,9,No Playoffs,0,0.44,Louisiana,Orleans,24768.03,0,74295.0,70059.0,0.9429840500706642
New Orleans,Saints,2002,542796,9,7,No Playoffs,0,0.56,Louisiana,Orleans,24820.05,0,74295.0,67849.5,0.9132444982838683
New Orleans,Saints,2003,548894,8,8,No Playoffs,0,0.5,Louisiana,Orleans,24352.8,0,74295.0,68611.75,0.9235042735042736
New Orleans,Saints,2004,513178,8,8,No Playoffs,0,0.5,Louisiana,Orleans,24505.42,0,74295.0,64147.25,0.8634127464836127
New Orleans,Saints,2005,417270,3,13,No Playoffs,0,0.19,Louisiana,Orleans,22691.14,0,74295.0,52158.75,0.7020492630728851
New Orleans,Saints,2006,550470,10,6,Playoffs,0,0.62,Louisiana,Orleans,19560.71,0,74295.0,68808.75,0.9261558651322431
New Orleans,Saints,2007,560036,7,9,No Playoffs,0,0.44,Louisiana,Orleans,22296.27,0,74295.0,70004.5,0.9422504879197793
New Orleans,Saints,2008,573876,8,8,No Playoffs,0,0.5,Louisiana,Orleans,24753.43,0,74295.0,71734.5,0.9655360387643852
New Orleans,Saints,2009,560840,13,3,Playoffs,1,0.81,Louisiana,Orleans,23977.78,0,74295.0,70105.0,0.9436032034457231
New Orleans,Saints,2010,560304,11,5,Playoffs,0,0.69,Louisiana,Orleans,24662.96,0,74295.0,70038.0,0.9427013930950939
New Orleans,Saints,2011,584335,13,3,Playoffs,0,0.81,Louisiana,Orleans,21658.13,0,74295.0,73041.875,0.9831331179756376
New Orleans,Saints,2012,583107,7,9,No Playoffs,0,0.44,Louisiana,Orleans,21670.68,0,74295.0,72888.375,0.9810670300827781
New Orleans,Saints,2013,583210,11,5,Playoffs,0,0.69,Louisiana,Orleans,21217.08,0,74295.0,72901.25,0.9812403257285147
New Orleans,Saints,2014,584900,7,9,No Playoffs,0,0.44,Louisiana,Orleans,21923.08,0,74295.0,73112.5,0.9840837203041928
New Orleans,Saints,2015,584305,7,9,No Playoffs,0,0.44,Louisiana,Orleans,22624.82,0,74295.0,73038.125,0.9830826435157144
New Orleans,Saints,2016,584876,7,9,No Playoffs,0,0.44,Louisiana,Orleans,22652.48,0,74295.0,73109.5,0.9840433407362541
New Orleans,Saints,2017,585113,11,5,Playoffs,0,0.69,Louisiana,Orleans,22640.17,0,74295.0,73139.125,0.984442088969648
New Orleans,Saints,2018,584411,13,3,Playoffs,0,0.81,Louisiana,Orleans,23196.85,0,74295.0,73051.375,0.9832609866074433
New York,Giants,2001,627985,7,9,No Playoffs,0,0.44,New Jersey,Bergen,60540.86,0,80242.0,78498.125,0.9782673039056853
New York,Giants,2002,629211,10,6,Playoffs,0,0.62,New Jersey,Bergen,61354.96,0,80242.0,78651.375,0.9801771516163605
New York,Giants,2003,628960,4,12,No Playoffs,0,0.25,New Jersey,Bergen,62660.67,0,80242.0,78620.0,0.9797861469056105
New York,Giants,2004,629874,6,10,No Playoffs,0,0.38,New Jersey,Bergen,63662.39,0,80242.0,78734.25,0.9812099648563096
New York,Giants,2005,628519,11,5,Playoffs,0,0.69,New Jersey,Bergen,64233.78,0,80242.0,78564.875,0.9790991625333366
New York,Giants,2006,628910,8,8,Playoffs,0,0.5,New Jersey,Bergen,64154.13,0,80242.0,78613.75,0.979708257520999
New York,Giants,2007,629848,10,6,Playoffs,1,0.62,New Jersey,Bergen,64702.16,0,80242.0,78731.0,0.9811694623763116
New York,Giants,2008,632554,12,4,Playoffs,0,0.75,New Jersey,Bergen,65307.98,0,80242.0,79069.25,0.9853848358714887
New York,Giants,2009,629615,8,8,No Playoffs,0,0.5,New Jersey,Bergen,63498.12,0,80242.0,78701.875,0.9808064978440219
New York,Giants,2010,631156,10,6,No Playoffs,0,0.62,New Jersey,Bergen,64608.12,1,82500.0,78894.5,0.9562969696969696
New York,Giants,2011,635800,9,7,Playoffs,1,0.56,New Jersey,Bergen,64300.8,0,82500.0,79475.0,0.9633333333333334
New York,Giants,2012,643964,9,7,No Playoffs,0,0.56,New Jersey,Bergen,64632.39,0,82500.0,80495.5,0.9757030303030303
New York,Giants,2013,641184,7,9,No Playoffs,0,0.44,New Jersey,Bergen,64250.73,0,82500.0,80148.0,0.9714909090909091
New York,Giants,2014,631738,6,10,No Playoffs,0,0.38,New Jersey,Bergen,64882.83,0,82500.0,78967.25,0.9571787878787879
New York,Giants,2015,632011,6,10,No Playoffs,0,0.38,New Jersey,Bergen,64989.04,0,82500.0,79001.375,0.9575924242424242
New York,Giants,2016,630315,11,5,Playoffs,0,0.69,New Jersey,Bergen,64865.06,0,82500.0,78789.375,0.9550227272727273
New York,Giants,2017,617434,3,13,No Playoffs,0,0.19,New Jersey,Bergen,64494.86,0,82500.0,77179.25,0.9355060606060606
New York,Giants,2018,615525,5,11,No Playoffs,0,0.31,New Jersey,Bergen,66148.89,0,82500.0,76940.625,0.9326136363636364
New York,Jets,2001,627808,10,6,Playoffs,0,0.62,New Jersey,Bergen,60540.86,0,80242.0,78476.0,0.9779915754841604
New York,Jets,2002,628812,9,7,Playoffs,0,0.56,New Jersey,Bergen,61354.96,0,80242.0,78601.5,0.9795555943271603
New York,Jets,2003,622255,6,10,No Playoffs,0,0.38,New Jersey,Bergen,62660.67,0,80242.0,77781.875,0.9693411804292017
New York,Jets,2004,623181,10,6,Playoffs,0,0.62,New Jersey,Bergen,63662.39,0,80242.0,77897.625,0.9707836918322076
New York,Jets,2005,619958,4,12,No Playoffs,0,0.25,New Jersey,Bergen,64233.78,0,80242.0,77494.75,0.965762942100147
New York,Jets,2006,618575,10,6,Playoffs,0,0.62,New Jersey,Bergen,64154.13,0,80242.0,77321.875,0.9636085217217916
New York,Jets,2007,616855,4,12,No Playoffs,0,0.25,New Jersey,Bergen,64702.16,0,80242.0,77106.875,0.9609291268911543
New York,Jets,2008,627858,9,7,No Playoffs,0,0.56,New Jersey,Bergen,65307.98,0,80242.0,78482.25,0.978069464868772
New York,Jets,2009,616420,9,7,Playoffs,0,0.56,New Jersey,Bergen,63498.12,0,80242.0,77052.5,0.9602514892450338
New York,Jets,2010,628768,11,5,Playoffs,0,0.69,New Jersey,Bergen,64608.12,1,82500.0,78596.0,0.9526787878787879
New York,Jets,2011,631888,8,8,No Playoffs,0,0.5,New Jersey,Bergen,64300.8,0,82500.0,78986.0,0.9574060606060606
New York,Jets,2012,632704,6,10,No Playoffs,0,0.38,New Jersey,Bergen,64632.39,0,82500.0,79088.0,0.9586424242424243
New York,Jets,2013,615656,8,8,No Playoffs,0,0.5,New Jersey,Bergen,64250.73,0,82500.0,76957.0,0.9328121212121212
New York,Jets,2014,625280,4,12,No Playoffs,0,0.25,New Jersey,Bergen,64882.83,0,82500.0,78160.0,0.9473939393939393
New York,Jets,2015,625280,10,6,No Playoffs,0,0.62,New Jersey,Bergen,64989.04,0,82500.0,78160.0,0.9473939393939393
New York,Jets,2016,625280,5,11,No Playoffs,0,0.31,New Jersey,Bergen,64865.06,0,82500.0,78160.0,0.9473939393939393
New York,Jets,2017,620496,5,11,No Playoffs,0,0.31,New Jersey,Bergen,64494.86,0,82500.0,77562.0,0.9401454545454545
New York,Jets,2018,623856,4,12,No Playoffs,0,0.25,New Jersey,Bergen,66148.89,0,82500.0,77982.0,0.9452363636363637
Oakland,Raiders,2001,472091,10,6,Playoffs,0,0.62,Nevada,Clark,72950.5,0,63132.0,59011.375,0.9347300101374897
Oakland,Raiders,2002,485092,11,5,Playoffs,0,0.69,Nevada,Clark,75901.1,0,63132.0,60636.5,0.9604717100677944
Oakland,Raiders,2003,440063,4,12,No Playoffs,0,0.25,Nevada,Clark,80032.55,0,63132.0,55007.875,0.8713152600899702
Oakland,Raiders,2004,405936,5,11,No Playoffs,0,0.31,Nevada,Clark,90277.85,0,63132.0,50742.0,0.8037445352594563
Oakland,Raiders,2005,418450,4,12,No Playoffs,0,0.25,Nevada,Clark,99284.58,0,63132.0,52306.25,0.8285219856807958
Oakland,Raiders,2006,467964,2,14,No Playoffs,0,0.12,Nevada,Clark,103461.0,0,63132.0,58495.5,0.9265586390420072
Oakland,Raiders,2007,472876,4,12,No Playoffs,0,0.25,Nevada,Clark,103111.0,0,63132.0,59109.5,0.9362842932268897
Oakland,Raiders,2008,462800,5,11,No Playoffs,0,0.31,Nevada,Clark,99000.39,0,63132.0,57850.0,0.9163340302857504
Oakland,Raiders,2009,354276,5,11,No Playoffs,0,0.31,Nevada,Clark,89834.27,0,63132.0,44284.5,0.7014588481277324
Oakland,Raiders,2010,371448,8,8,No Playoffs,0,0.5,Nevada,Clark,89183.88,0,63132.0,46431.0,0.7354590382056643
Oakland,Raiders,2011,473938,8,8,No Playoffs,0,0.5,Nevada,Clark,90449.13,0,63132.0,59242.25,0.9383870303491098
Oakland,Raiders,2012,433732,4,12,No Playoffs,0,0.25,Nevada,Clark,89213.58,0,63132.0,54216.5,0.8587800164734207
Oakland,Raiders,2013,403556,4,12,No Playoffs,0,0.25,Nevada,Clark,90568.17,0,63132.0,50444.5,0.7990321865298106
Oakland,Raiders,2014,459333,3,13,No Playoffs,0,0.19,Nevada,Clark,92438.24,0,63132.0,57416.625,0.9094694449724386
Oakland,Raiders,2015,436397,7,9,No Playoffs,0,0.44,Nevada,Clark,96610.56,0,63132.0,54549.625,0.8640566590635493
Oakland,Raiders,2016,458561,12,4,Playoffs,0,0.75,Nevada,Clark,99198.17,0,63132.0,57320.125,0.9079409016029906
Oakland,Raiders,2017,461137,6,10,No Playoffs,0,0.38,Nevada,Clark,101392.0,0,63132.0,57642.125,0.9130413261103719
Oakland,Raiders,2018,463353,4,12,No Playoffs,0,0.25,Nevada,Clark,107623.0,0,63132.0,57919.125,0.9174289583729329
Philadelphia,Eagles,2001,527193,11,5,Playoffs,0,0.69,Pennsylvania,Philadelphia,71008.91,0,65358.0,65899.125,1.0082793996144312
Philadelphia,Eagles,2002,523535,12,4,Playoffs,0,0.75,Pennsylvania,Philadelphia,70914.84,0,65358.0,65441.875,1.0012833165029529
Philadelphia,Eagles,2003,544349,12,4,Playoffs,0,0.75,Pennsylvania,Philadelphia,73344.52,1,67594.0,68043.625,1.0066518477971418
Philadelphia,Eagles,2004,540870,13,3,Playoffs,0,0.81,Pennsylvania,Philadelphia,77422.68,0,67594.0,67608.75,1.000218214634435
Philadelphia,Eagles,2005,541393,6,10,No Playoffs,0,0.38,Pennsylvania,Philadelphia,78482.52,0,67594.0,67674.125,1.0011853862768885
Philadelphia,Eagles,2006,553794,10,6,Playoffs,0,0.62,Pennsylvania,Philadelphia,78980.25,0,67594.0,69224.25,1.0241182649347575
Philadelphia,Eagles,2007,545357,8,8,No Playoffs,0,0.5,Pennsylvania,Philadelphia,86371.47,0,67594.0,68169.625,1.0085159185726544
Philadelphia,Eagles,2008,553152,9,6,Playoffs,0,0.6,Pennsylvania,Philadelphia,93653.67,0,67594.0,69144.0,1.022931029381306
Philadelphia,Eagles,2009,553152,11,5,Playoffs,0,0.69,Pennsylvania,Philadelphia,89756.72,0,67594.0,69144.0,1.022931029381306
Philadelphia,Eagles,2010,553152,10,6,Playoffs,0,0.62,Pennsylvania,Philadelphia,91470.13,0,67594.0,69144.0,1.022931029381306
Philadelphia,Eagles,2011,553152,8,8,No Playoffs,0,0.5,Pennsylvania,Philadelphia,92410.43,0,67594.0,69144.0,1.022931029381306
Philadelphia,Eagles,2012,553152,4,12,No Playoffs,0,0.25,Pennsylvania,Philadelphia,97432.36,0,67594.0,69144.0,1.022931029381306
Philadelphia,Eagles,2013,553152,10,6,Playoffs,0,0.62,Pennsylvania,Philadelphia,99952.27,0,67594.0,69144.0,1.022931029381306
Philadelphia,Eagles,2014,556768,10,6,No Playoffs,0,0.62,Pennsylvania,Philadelphia,102508.0,0,67594.0,69596.0,1.029618013433145
Philadelphia,Eagles,2015,555868,7,9,No Playoffs,0,0.44,Pennsylvania,Philadelphia,105087.0,0,67594.0,69483.5,1.0279536645264373
Philadelphia,Eagles,2016,556768,7,9,No Playoffs,0,0.44,Pennsylvania,Philadelphia,110272.0,0,67594.0,69596.0,1.029618013433145
Philadelphia,Eagles,2017,556768,13,3,Playoffs,1,0.81,Pennsylvania,Philadelphia,106853.0,0,67594.0,69596.0,1.029618013433145
Philadelphia,Eagles,2018,557568,9,7,Playoffs,0,0.56,Pennsylvania,Philadelphia,110735.0,0,67594.0,69696.0,1.0310974346835518
Pittsburgh,Steelers,2001,499191,13,3,Playoffs,0,0.81,Pennsylvania,Allegheny,71601.91,1,68400.0,62398.875,0.9122642543859649
Pittsburgh,Steelers,2002,490274,10,5,Playoffs,0,0.67,Pennsylvania,Allegheny,72015.47,0,68400.0,61284.25,0.895968567251462
Pittsburgh,Steelers,2003,477584,6,10,No Playoffs,0,0.38,Pennsylvania,Allegheny,73521.93,0,68400.0,59698.0,0.8727777777777778
Pittsburgh,Steelers,2004,507385,15,1,Playoffs,0,0.94,Pennsylvania,Allegheny,74123.92,0,68400.0,63423.125,0.9272386695906433
Pittsburgh,Steelers,2005,507434,11,5,Playoffs,1,0.69,Pennsylvania,Allegheny,74193.16,0,68400.0,63429.25,0.927328216374269
Pittsburgh,Steelers,2006,499461,8,8,No Playoffs,0,0.5,Pennsylvania,Allegheny,72630.12,0,68400.0,62432.625,0.9127576754385965
Pittsburgh,Steelers,2007,496675,10,6,Playoffs,0,0.62,Pennsylvania,Allegheny,74145.84,0,68400.0,62084.375,0.9076663011695907
Pittsburgh,Steelers,2008,503125,12,4,Playoffs,1,0.75,Pennsylvania,Allegheny,75889.12,0,68400.0,62890.625,0.9194535818713451
Pittsburgh,Steelers,2009,507882,9,7,No Playoffs,0,0.56,Pennsylvania,Allegheny,74885.88,0,68400.0,63485.25,0.9281469298245614
Pittsburgh,Steelers,2010,504669,12,4,Playoffs,0,0.75,Pennsylvania,Allegheny,77118.96,0,68400.0,63083.625,0.9222752192982456
Pittsburgh,Steelers,2011,504279,12,4,Playoffs,0,0.75,Pennsylvania,Allegheny,78442.33,0,68400.0,63034.875,0.9215625
Pittsburgh,Steelers,2012,489135,8,8,No Playoffs,0,0.5,Pennsylvania,Allegheny,79959.04,0,68400.0,61141.875,0.8938870614035088
Pittsburgh,Steelers,2013,458489,8,8,No Playoffs,0,0.5,Pennsylvania,Allegheny,80513.64,0,68400.0,57311.125,0.8378819444444444
Pittsburgh,Steelers,2014,497811,11,5,Playoffs,0,0.69,Pennsylvania,Allegheny,81145.34,0,68400.0,62226.375,0.9097423245614035
Pittsburgh,Steelers,2015,514854,10,6,Playoffs,0,0.62,Pennsylvania,Allegheny,83017.8,0,68400.0,64356.75,0.9408881578947368
Pittsburgh,Steelers,2016,514503,11,5,Playoffs,0,0.69,Pennsylvania,Allegheny,82618.28,0,68400.0,64312.875,0.9402467105263158
Pittsburgh,Steelers,2017,499768,13,3,Playoffs,0,0.81,Pennsylvania,Allegheny,84107.61,0,68400.0,62471.0,0.9133187134502924
Pittsburgh,Steelers,2018,507651,9,6,No Playoffs,0,0.6,Pennsylvania,Allegheny,86799.51,0,68400.0,63456.375,0.9277247807017543
San Diego,Chargers,2001,474844,5,11,No Playoffs,0,0.31,California,San Diego,143669.0,0,70561.0,59355.5,0.8411941440739219
San Diego,Chargers,2002,494973,8,8,No Playoffs,0,0.5,California,San Diego,150293.0,0,70561.0,61871.625,0.8768530066183869
San Diego,Chargers,2003,492165,4,12,No Playoffs,0,0.25,California,San Diego,158818.0,0,70561.0,61520.625,0.8718785873216083
San Diego,Chargers,2004,485462,12,4,Playoffs,0,0.75,California,San Diego,168151.0,0,70561.0,60682.75,0.8600041099190772
San Diego,Chargers,2005,529916,9,7,No Playoffs,0,0.56,California,San Diego,176992.0,0,70561.0,66239.5,0.938755119683678
San Diego,Chargers,2006,531031,14,2,Playoffs,0,0.88,California,San Diego,180596.0,0,70561.0,66378.875,0.9407303609642721
San Diego,Chargers,2007,524019,11,5,Playoffs,0,0.69,California,San Diego,183049.0,0,70561.0,65502.375,0.9283084848570741
San Diego,Chargers,2008,545107,8,8,Playoffs,0,0.5,California,San Diego,180821.0,0,70561.0,68138.375,0.9656662320545344
San Diego,Chargers,2009,540345,13,3,Playoffs,0,0.81,California,San Diego,172369.0,0,70561.0,67543.125,0.9572302688453962
San Diego,Chargers,2010,524241,9,7,No Playoffs,0,0.56,California,San Diego,174053.0,0,70561.0,65530.125,0.9287017615963492
San Diego,Chargers,2011,523143,8,8,No Playoffs,0,0.5,California,San Diego,177867.0,0,70561.0,65392.875,0.926756636102096
San Diego,Chargers,2012,479716,7,9,No Playoffs,0,0.44,California,San Diego,180338.0,0,70561.0,59964.5,0.8498249741358541
San Diego,Chargers,2013,513641,9,7,Playoffs,0,0.56,California,San Diego,187846.0,0,70561.0,64205.125,0.9099236830543784
San Diego,Chargers,2014,523457,9,7,No Playoffs,0,0.56,California,San Diego,193675.0,0,70561.0,65432.125,0.9273128923909808
San Diego,Chargers,2015,534180,4,12,No Playoffs,0,0.25,California,San Diego,200565.0,0,70561.0,66772.5,0.9463088675047122
San Diego,Chargers,2016,456197,5,11,No Playoffs,0,0.31,California,San Diego,203883.0,0,70561.0,57024.625,0.8081606694916456
Los Angeles,Chargers,2017,202687,9,7,No Playoffs,0,0.56,California,Los Angeles,688662.0,0,27000.0,25335.875,0.9383657407407408
Los Angeles,Chargers,2018,262145,12,4,Playoffs,0,0.75,California,Los Angeles,710893.0,0,27000.0,32768.125,1.2136342592592593
San Francisco,49ers,2001,539756,12,4,Playoffs,0,0.75,California,Santa Clara,116251.0,0,69732.0,67469.5,0.9675543509436126
San Francisco,49ers,2002,541593,10,6,Playoffs,0,0.62,California,Santa Clara,111226.0,0,69732.0,67699.125,0.9708473154362416
San Francisco,49ers,2003,540644,7,9,No Playoffs,0,0.44,California,Santa Clara,117938.0,0,69732.0,67580.5,0.9691461595824012
San Francisco,49ers,2004,518271,2,14,No Playoffs,0,0.12,California,Santa Clara,123329.0,0,69732.0,64783.875,0.9290408277404921
San Francisco,49ers,2005,523426,4,12,No Playoffs,0,0.25,California,Santa Clara,131567.0,0,69732.0,65428.25,0.9382815637010268
San Francisco,49ers,2006,545207,7,9,No Playoffs,0,0.44,California,Santa Clara,140959.0,0,69732.0,68150.875,0.9773256897837435
San Francisco,49ers,2007,544226,5,11,No Playoffs,0,0.31,California,Santa Clara,153508.0,0,69732.0,68028.25,0.9755671714564332
San Francisco,49ers,2008,540103,7,9,No Playoffs,0,0.44,California,Santa Clara,161831.0,0,69732.0,67512.875,0.9681763752653014
San Francisco,49ers,2009,557856,8,8,No Playoffs,0,0.5,California,Santa Clara,158587.0,0,69732.0,69732.0,1.0
San Francisco,49ers,2010,572065,6,10,No Playoffs,0,0.38,California,Santa Clara,172556.0,0,69732.0,71508.125,1.025470730797912
San Francisco,49ers,2011,557856,13,3,Playoffs,0,0.81,California,Santa Clara,185602.0,0,69732.0,69732.0,1.0
San Francisco,49ers,2012,557856,11,4,Playoffs,0,0.73,California,Santa Clara,192296.0,0,69732.0,69732.0,1.0
San Francisco,49ers,2013,557856,12,4,Playoffs,0,0.75,California,Santa Clara,211513.0,0,69732.0,69732.0,1.0
San Francisco,49ers,2014,566192,8,8,No Playoffs,0,0.5,California,Santa Clara,229228.0,1,68500.0,70774.0,1.0331970802919708
San Francisco,49ers,2015,566092,5,11,No Playoffs,0,0.31,California,Santa Clara,251750.0,0,68500.0,70761.5,1.033014598540146
San Francisco,49ers,2016,561424,2,14,No Playoffs,0,0.12,California,Santa Clara,268422.0,0,68500.0,70178.0,1.0244963503649636
San Francisco,49ers,2017,561155,6,10,No Playoffs,0,0.38,California,Santa Clara,287235.0,0,68500.0,70144.375,1.0240054744525549
San Francisco,49ers,2018,553190,4,12,No Playoffs,0,0.25,California,Santa Clara,316526.0,0,68500.0,69148.75,1.009470802919708
Seattle,Seahawks,2001,482818,9,7,No Playoffs,0,0.56,Washington,King,150052.0,0,72500.0,60352.25,0.8324448275862069
Seattle,Seahawks,2002,504621,7,9,No Playoffs,0,0.44,Washington,King,150425.0,1,68740.0,63077.625,0.9176262001745709
Seattle,Seahawks,2003,512150,10,6,Playoffs,0,0.62,Washington,King,152859.0,0,68740.0,64018.75,0.9313172825138202
Seattle,Seahawks,2004,533436,9,7,Playoffs,0,0.56,Washington,King,155469.0,0,68740.0,66679.5,0.9700247308699447
Seattle,Seahawks,2005,532954,13,3,Playoffs,0,0.81,Washington,King,164783.0,0,68740.0,66619.25,0.9691482397439628
Seattle,Seahawks,2006,543820,9,7,Playoffs,0,0.56,Washington,King,168793.0,0,68740.0,67977.5,0.9889074774512656
Seattle,Seahawks,2007,545551,10,6,Playoffs,0,0.62,Washington,King,179772.0,0,68740.0,68193.875,0.9920552080302589
Seattle,Seahawks,2008,543965,4,12,No Playoffs,0,0.25,Washington,King,183713.0,0,68740.0,67995.625,0.989171152167588
Seattle,Seahawks,2009,539141,5,11,No Playoffs,0,0.31,Washington,King,176212.0,0,68740.0,67392.625,0.9803989671224905
Seattle,Seahawks,2010,535942,7,9,Playoffs,0,0.44,Washington,King,180202.0,0,68740.0,66992.75,0.9745817573465231
Seattle,Seahawks,2011,531311,7,9,No Playoffs,0,0.44,Washington,King,187244.0,0,68740.0,66413.875,0.9661605324410824
Seattle,Seahawks,2012,543570,11,5,Playoffs,0,0.69,Washington,King,200427.0,0,68740.0,67946.25,0.9884528658713995
Seattle,Seahawks,2013,545577,13,3,Playoffs,1,0.81,Washington,King,208739.0,0,68740.0,68197.125,0.992102487634565
Seattle,Seahawks,2014,547298,12,4,Playoffs,0,0.75,Washington,King,220596.0,0,68740.0,68412.25,0.9952320337503637
Seattle,Seahawks,2015,552162,10,6,Playoffs,0,0.62,Washington,King,232149.0,0,68740.0,69020.25,1.0040769566482397
Seattle,Seahawks,2016,552588,10,5,Playoffs,0,0.67,Washington,King,241900.0,0,68740.0,69073.5,1.0048516147803317
Seattle,Seahawks,2017,551809,9,7,No Playoffs,0,0.56,Washington,King,257454.0,0,68740.0,68976.125,1.0034350450974687
Seattle,Seahawks,2018,552009,10,6,Playoffs,0,0.62,Washington,King,277122.0,0,68740.0,69001.125,1.0037987343613617
St. Louis,Rams,2001,528829,14,2,Playoffs,0,0.88,Missouri,St. Louis,63817.82,0,67277.0,66103.625,0.982559046925398
St. Louis,Rams,2001,528829,14,2,Playoffs,0,0.88,Missouri,St. Louis,28042.85,0,67277.0,66103.625,0.982559046925398
St. Louis,Rams,2002,528498,7,9,No Playoffs,0,0.44,Missouri,St. Louis,64378.86,0,67277.0,66062.25,0.9819440522020899
St. Louis,Rams,2002,528498,7,9,No Playoffs,0,0.44,Missouri,St. Louis,27984.46,0,67277.0,66062.25,0.9819440522020899
St. Louis,Rams,2003,528456,12,4,Playoffs,0,0.75,Missouri,St. Louis,65826.73,0,67277.0,66057.0,0.9818660166178634
St. Louis,Rams,2003,528456,12,4,Playoffs,0,0.75,Missouri,St. Louis,28220.73,0,67277.0,66057.0,0.9818660166178634
St. Louis,Rams,2004,527384,8,8,Playoffs,0,0.5,Missouri,St. Louis,65685.06,0,67277.0,65923.0,0.9798742512299895
St. Louis,Rams,2004,527384,8,8,Playoffs,0,0.5,Missouri,St. Louis,28794.9,0,67277.0,65923.0,0.9798742512299895
St. Louis,Rams,2005,523685,6,10,No Playoffs,0,0.38,Missouri,St. Louis,67515.16,0,67277.0,65460.625,0.9730015458477638
St. Louis,Rams,2005,523685,6,10,No Playoffs,0,0.38,Missouri,St. Louis,28622.36,0,67277.0,65460.625,0.9730015458477638
St. Louis,Rams,2006,522610,8,8,No Playoffs,0,0.5,Missouri,St. Louis,66029.29,0,67277.0,65326.25,0.9710042064895879
St. Louis,Rams,2006,522610,8,8,No Playoffs,0,0.5,Missouri,St. Louis,28963.96,0,67277.0,65326.25,0.9710042064895879
St. Louis,Rams,2007,514354,3,13,No Playoffs,0,0.19,Missouri,St. Louis,66425.64,0,67277.0,64294.25,0.9556646402187969
St. Louis,Rams,2007,514354,3,13,No Playoffs,0,0.19,Missouri,St. Louis,29424.08,0,67277.0,64294.25,0.9556646402187969
St. Louis,Rams,2008,479843,2,14,No Playoffs,0,0.12,Missouri,St. Louis,67593.48,0,67277.0,59980.375,0.8915435438559983
St. Louis,Rams,2008,479843,2,14,No Playoffs,0,0.12,Missouri,St. Louis,31891.38,0,67277.0,59980.375,0.8915435438559983
St. Louis,Rams,2009,441901,1,15,No Playoffs,0,0.06,Missouri,St. Louis,67492.79,0,67277.0,55237.625,0.8210476834579425
St. Louis,Rams,2009,441901,1,15,No Playoffs,0,0.06,Missouri,St. Louis,29451.35,0,67277.0,55237.625,0.8210476834579425
St. Louis,Rams,2010,423383,7,9,No Playoffs,0,0.44,Missouri,St. Louis,68917.29,0,67277.0,52922.875,0.7866414227744994
St. Louis,Rams,2010,423383,7,9,No Playoffs,0,0.44,Missouri,St. Louis,29374.02,0,67277.0,52922.875,0.7866414227744994
St. Louis,Rams,2011,451153,2,14,No Playoffs,0,0.12,Missouri,St. Louis,67164.96,0,67277.0,56394.125,0.8382378078689596
St. Louis,Rams,2011,451153,2,14,No Playoffs,0,0.12,Missouri,St. Louis,30184.33,0,67277.0,56394.125,0.8382378078689596
St. Louis,Rams,2012,480929,7,8,No Playoffs,0,0.47,Missouri,St. Louis,68570.96,0,67277.0,60116.125,0.8935613211052812
St. Louis,Rams,2012,480929,7,8,No Playoffs,0,0.47,Missouri,St. Louis,31058.39,0,67277.0,60116.125,0.8935613211052812
St. Louis,Rams,2013,455657,7,9,No Playoffs,0,0.44,Missouri,St. Louis,67865.18,0,67277.0,56957.125,0.8466061952821915
St. Louis,Rams,2013,455657,7,9,No Playoffs,0,0.44,Missouri,St. Louis,31345.26,0,67277.0,56957.125,0.8466061952821915
St. Louis,Rams,2014,456146,6,10,No Playoffs,0,0.38,Missouri,St. Louis,67557.62,0,67277.0,57018.25,0.847514752441399
St. Louis,Rams,2014,456146,6,10,No Playoffs,0,0.38,Missouri,St. Louis,30932.31,0,67277.0,57018.25,0.847514752441399
St. Louis,Rams,2015,419220,7,9,No Playoffs,0,0.44,Missouri,St. Louis,68843.66,0,67277.0,52402.5,0.778906609985582
St. Louis,Rams,2015,419220,7,9,No Playoffs,0,0.44,Missouri,St. Louis,28906.33,0,67277.0,52402.5,0.778906609985582
Los Angeles,Rams,2016,665318,4,12,No Playoffs,0,0.25,California,Los Angeles,667706.0,0,80000.0,83164.75,1.039559375
Los Angeles,Rams,2017,507136,11,5,Playoffs,0,0.69,California,Los Angeles,688662.0,0,80000.0,63392.0,0.7924
Los Angeles,Rams,2018,579439,13,3,Playoffs,0,0.81,California,Los Angeles,710893.0,0,80000.0,72429.875,0.9053734375
Tampa Bay,Buccaneers,2001,524468,9,7,Playoffs,0,0.56,Florida,Hillsborough,53939.18,0,65890.0,65558.5,0.9949688875398391
Tampa Bay,Buccaneers,2002,525031,12,4,Playoffs,1,0.75,Florida,Hillsborough,55963.14,0,65890.0,65628.875,0.9960369555319472
Tampa Bay,Buccaneers,2003,524352,7,9,No Playoffs,0,0.44,Florida,Hillsborough,58899.94,0,65890.0,65544.0,0.9947488237972378
Tampa Bay,Buccaneers,2004,522720,5,11,No Playoffs,0,0.31,Florida,Hillsborough,63016.06,0,65890.0,65340.0,0.991652754590985
Tampa Bay,Buccaneers,2005,521741,11,5,Playoffs,0,0.69,Florida,Hillsborough,66862.77,0,65890.0,65217.625,0.9897954924874791
Tampa Bay,Buccaneers,2006,524661,4,12,No Playoffs,0,0.25,Florida,Hillsborough,68278.56,0,65890.0,65582.625,0.9953350280770982
Tampa Bay,Buccaneers,2007,522530,9,7,Playoffs,0,0.56,Florida,Hillsborough,68553.76,0,65890.0,65316.25,0.9912923053574139
Tampa Bay,Buccaneers,2008,516088,9,7,No Playoffs,0,0.56,Florida,Hillsborough,66914.31,0,65890.0,64511.0,0.9790711792381241
Tampa Bay,Buccaneers,2009,525194,3,13,No Playoffs,0,0.19,Florida,Hillsborough,64683.03,0,65890.0,65649.25,0.9963461830323266
Tampa Bay,Buccaneers,2010,394513,10,6,No Playoffs,0,0.62,Florida,Hillsborough,65288.46,0,65890.0,49314.125,0.748431097283351
Tampa Bay,Buccaneers,2011,473281,4,12,No Playoffs,0,0.25,Florida,Hillsborough,66304.11,0,65890.0,59160.125,0.8978619669145546
Tampa Bay,Buccaneers,2012,440819,7,9,No Playoffs,0,0.44,Florida,Hillsborough,67458.17,0,65890.0,55102.375,0.8362782668083169
Tampa Bay,Buccaneers,2013,470548,4,12,No Playoffs,0,0.25,Florida,Hillsborough,68868.7,0,65890.0,58818.5,0.8926771892548186
Tampa Bay,Buccaneers,2014,477273,2,14,No Playoffs,0,0.12,Florida,Hillsborough,69940.54,0,65890.0,59659.125,0.9054351950220064
Tampa Bay,Buccaneers,2015,492460,6,10,No Playoffs,0,0.38,Florida,Hillsborough,73150.53,0,65890.0,61557.5,0.9342464713917135
Tampa Bay,Buccaneers,2016,484998,9,7,No Playoffs,0,0.56,Florida,Hillsborough,75304.75,0,65890.0,60624.75,0.9200903020185157
Tampa Bay,Buccaneers,2017,479618,5,11,No Playoffs,0,0.31,Florida,Hillsborough,77317.57,0,65890.0,59952.25,0.9098838974047655
Tampa Bay,Buccaneers,2018,434855,5,11,No Playoffs,0,0.31,Florida,Hillsborough,79951.44,0,65890.0,54356.875,0.8249639550766429
Tennessee,Titans,2001,550393,7,9,No Playoffs,0,0.44,Tennessee,Davidson,42083.19,0,69143.0,68799.125,0.9950266115152655
Tennessee,Titans,2002,550437,11,5,Playoffs,0,0.69,Tennessee,Davidson,42759.2,0,69143.0,68804.625,0.9951061568054611
Tennessee,Titans,2003,550472,12,4,Playoffs,0,0.75,Tennessee,Davidson,44175.17,0,69143.0,68809.0,0.9951694314681168
Tennessee,Titans,2004,551210,5,11,No Playoffs,0,0.31,Tennessee,Davidson,45276.19,0,69143.0,68901.25,0.9965036229263989
Tennessee,Titans,2005,553192,4,12,No Playoffs,0,0.25,Tennessee,Davidson,46035.23,0,69143.0,69149.0,1.0000867766802135
Tennessee,Titans,2006,553144,8,8,No Playoffs,0,0.5,Tennessee,Davidson,46942.81,0,69143.0,69143.0,1.0
Tennessee,Titans,2007,553144,10,6,Playoffs,0,0.62,Tennessee,Davidson,46137.58,0,69143.0,69143.0,1.0
Tennessee,Titans,2008,553144,13,3,Playoffs,0,0.81,Tennessee,Davidson,48000.29,0,69143.0,69143.0,1.0
Tennessee,Titans,2009,553144,8,8,No Playoffs,0,0.5,Tennessee,Davidson,47835.1,0,69143.0,69143.0,1.0
Tennessee,Titans,2010,553144,6,10,No Playoffs,0,0.38,Tennessee,Davidson,48684.45,0,69143.0,69143.0,1.0
Tennessee,Titans,2011,553144,9,7,No Playoffs,0,0.56,Tennessee,Davidson,50039.91,0,69143.0,69143.0,1.0
Tennessee,Titans,2012,553144,6,10,No Playoffs,0,0.38,Tennessee,Davidson,51930.79,0,69143.0,69143.0,1.0
Tennessee,Titans,2013,553144,7,9,No Playoffs,0,0.44,Tennessee,Davidson,51845.08,0,69143.0,69143.0,1.0
Tennessee,Titans,2014,553144,2,14,No Playoffs,0,0.12,Tennessee,Davidson,54222.26,0,69143.0,69143.0,1.0
Tennessee,Titans,2015,498435,3,13,No Playoffs,0,0.19,Tennessee,Davidson,57477.38,0,69143.0,62304.375,0.9010944708791924
Tennessee,Titans,2016,517273,9,7,No Playoffs,0,0.56,Tennessee,Davidson,59360.69,0,69143.0,64659.125,0.9351507021679707
Tennessee,Titans,2017,525214,9,7,Playoffs,0,0.56,Tennessee,Davidson,61051.77,0,69143.0,65651.75,0.9495068192007867
Tennessee,Titans,2018,516161,9,7,No Playoffs,0,0.56,Tennessee,Davidson,63848.01,0,69143.0,64520.125,0.9331403757430253
Houston,Texans,2002,559322,4,12,No Playoffs,0,0.25,Texas,Harris,245349.0,1,71795.0,69915.25,0.9738178146110453
Houston,Texans,2003,563748,5,11,No Playoffs,0,0.31,Texas,Harris,245687.0,0,71795.0,70468.5,0.9815237829932446
Houston,Texans,2004,565192,7,9,No Playoffs,0,0.44,Texas,Harris,267388.0,0,71795.0,70649.0,0.9840378856466327
Houston,Texans,2005,562397,2,14,No Playoffs,0,0.12,Texas,Harris,271829.0,0,71795.0,70299.625,0.9791715996935719
Houston,Texans,2006,561469,6,10,No Playoffs,0,0.38,Texas,Harris,290234.0,0,71795.0,70183.625,0.9775558882930566
Houston,Texans,2007,564159,8,8,No Playoffs,0,0.5,Texas,Harris,314155.0,0,71795.0,70519.875,0.9822393620725677
Houston,Texans,2008,563364,8,8,No Playoffs,0,0.5,Texas,Harris,308045.0,0,71795.0,70420.5,0.9808552127585487
Houston,Texans,2009,564864,9,7,No Playoffs,0,0.56,Texas,Harris,305409.0,0,71795.0,70608.0,0.98346681523783
Houston,Texans,2010,568643,6,10,No Playoffs,0,0.38,Texas,Harris,317926.0,0,71795.0,71080.375,0.9900463124172992
Houston,Texans,2011,571969,10,6,Playoffs,0,0.62,Texas,Harris,326652.0,0,71795.0,71496.125,0.9958371056480256
Houston,Texans,2012,573321,12,4,Playoffs,0,0.75,Texas,Harris,335716.0,0,71795.0,71665.125,0.9981910300160178
Houston,Texans,2013,573271,2,14,No Playoffs,0,0.12,Texas,Harris,345112.0,0,71795.0,71658.875,0.9981039766000418
Houston,Texans,2014,574132,9,7,No Playoffs,0,0.56,Texas,Harris,343064.0,0,71795.0,71766.5,0.9996030364231493
Houston,Texans,2015,574159,9,7,Playoffs,0,0.56,Texas,Harris,358868.0,0,71795.0,71769.875,0.9996500452677763
Houston,Texans,2016,574947,9,7,Playoffs,0,0.56,Texas,Harris,350523.0,0,71795.0,71868.375,1.0010220071035587
Houston,Texans,2017,574197,4,12,No Playoffs,0,0.25,Texas,Harris,351838.0,0,71795.0,71774.625,0.9997162058639181
Houston,Texans,2018,574439,11,5,Playoffs,0,0.69,Texas,Harris,361353.0,0,71795.0,71804.875,1.0001375443972422
